url,new_title,new_meta_description,new_h1
https://www.reneenergy.com,ReneEnergy: Innovative Solar & Green Hydrogen Solutions,"Discover cutting-edge solar power and green hydrogen solutions with ReneEnergy. We provide expert guidance, industry insights, and sustainable energy options for individuals and businesses committed to a cleaner future.",Empowering Your Sustainable Energy Journey
https://www.reneenergy.com/global-hydrogen-industry-directory,Global Hydrogen Industry Directory | Top Companies & Resources,"Explore our comprehensive Global Hydrogen Industry Directory. Find key players, suppliers, and resources in the hydrogen sector worldwide.",Global Hydrogen Industry Directory
https://www.reneenergy.com/about,About ReneEnergy: Green Hydrogen & Solar Power Solutions,Discover ReneEnergy's innovative cleantech solutions in green hydrogen and solar power. We're driving the global shift towards sustainable energy with cutting-edge technology and expert insights.,Pioneering Cleantech & Sustainability Solutions
https://www.reneenergy.com/contact-8,Solar Feasibility Templates | Save Time & Money | ReneEnergy,Streamline your solar project planning with our comprehensive feasibility templates. Download now for just $9.99 and start saving time and money on your renewable energy projects.,Solar Feasibility Templates: Jumpstart Your Project for $9.99
https://www.reneenergy.com/lead-collection,Renewable Energy Tracking Tool: Monitor & Optimize | ReneEnergy,"Track and optimize your renewable energy projects with ReneEnergy's advanced tracking tool. Maximize efficiency and ROI for solar, wind, and more.",Renewable Energy Tracking Tool
https://www.reneenergy.com/product-page/a-guide-to-green-hydrogen-production-storage-transportation,"Green Hydrogen Guide: Production, Storage & Transport | ReneEnergy","Explore our comprehensive guide on green hydrogen production, storage, and transportation methods. Learn about sustainable energy solutions with ReneEnergy.","Green Hydrogen: Production, Storage, and Transportation Guide"
https://www.reneenergy.com/blogs,Renewable Energy Insights: Latest Blogs | ReneEnergy,"Discover cutting-edge renewable energy trends, green hydrogen innovations, and sustainable solutions. Stay informed with ReneEnergy's expert insights for a cleaner future.",Renewable Energy Blog: Insights and Innovations
https://www.reneenergy.com/why-go-solar,Why Go Solar: Benefits of Solar Energy | ReneEnergy,"Discover the advantages of solar power for your home or business. Save money, reduce carbon footprint, and embrace clean energy with ReneEnergy.",Why Go Solar: Powering a Sustainable Future
https://www.reneenergy.com/privacypolicy,Privacy Policy | ReneEnergy - Renewable Energy Solutions,"Read ReneEnergy's privacy policy to understand how we collect, use, and protect your personal information while providing renewable energy solutions.",ReneEnergy Privacy Policy
https://www.reneenergy.com/general-5-1,Affiliate Disclosure | Transparency at ReneEnergy,Learn about our affiliate partnerships and how we maintain transparency while providing valuable renewable energy information at ReneEnergy.com.,Our Affiliate Disclosure: Transparency in Renewable Energy
https://www.reneenergy.com/search,Solar Power & Green Hydrogen Solutions | ReneEnergy,Discover sustainable energy solutions with ReneEnergy. Expert resources on solar power and green hydrogen for individuals and businesses. Explore clean energy options for a greener future.,Sustainable Energy Solutions: Solar Power & Green Hydrogen
https://www.reneenergy.com/plans-pricing,Hydrogen Industry Directory Plans & Pricing | ReneEnergy,Explore ReneEnergy's flexible plans and pricing for the Global Hydrogen Industry Directory. Connect with key players and grow your business in the hydrogen sector.,Global Hydrogen Industry Directory Plans & Pricing
https://www.reneenergy.com/challenges,Energy Efficiency Programs & Challenges | ReneEnergy,"Explore ReneEnergy's innovative energy efficiency programs and challenges. Save money, reduce your carbon footprint, and contribute to a sustainable future.",Energy Efficiency Programs & Challenges
https://www.reneenergy.com/groups,Solar Energy Groups & Communities | ReneEnergy,"Join ReneEnergy's solar energy groups and communities. Connect with like-minded individuals, share experiences, and learn about sustainable living.",Solar Energy Groups & Communities
https://www.reneenergy.com/members,ReneEnergy Membership: Join Our Clean Energy Community,"Become a ReneEnergy member and access exclusive clean energy solutions, expert advice, and community support. Join us in creating a sustainable future.",ReneEnergy Membership Benefits
https://www.reneenergy.com/product-page/green-hydrogen-financial-model-professional-edition,Green Hydrogen Financial Model Pro | ReneEnergy | Excel Template,"Professional Excel-based financial model for green hydrogen projects. Analyze costs, revenues, and ROI. Customizable for various scenarios. Download now.",Green Hydrogen Financial Model - Professional Edition
https://www.reneenergy.com/product-page/green-hydrogen-digitalization-checklist-digital-download,Green Hydrogen Digitalization Checklist: Optimize Your Project | ReneEnergy,Download our comprehensive Green Hydrogen Digitalization Checklist to streamline your project implementation. Ensure efficiency and success with ReneEnergy's expert guidance.,Green Hydrogen Digitalization Checklist: Digital Download
https://www.reneenergy.com/product-page/this-battery-stores-hydrogen-like-a-regular-battery-how,Revolutionary Hydrogen Storage Battery: How It Works | ReneEnergy,Discover our innovative battery that stores hydrogen like a regular battery. Learn how this groundbreaking technology works and its potential impact on renewable energy storage.,Revolutionary Hydrogen Storage Battery: How Does It Work?
https://www.reneenergy.com/product-page/green-hydrogen-feasibility-template,Green Hydrogen Feasibility Template | Project Analysis Tool,"Evaluate green hydrogen projects with our comprehensive feasibility template. Streamline analysis, assess viability, and make informed decisions for sustainable energy initiatives.",Green Hydrogen Feasibility Analysis Template
https://www.reneenergy.com/product-page/navigating-the-hydrogen-landscape-unlocking-the-clean-energy-revolution,Hydrogen Landscape Guide: Clean Energy Revolution Insights | ReneEnergy,Explore the future of clean energy with our comprehensive guide to the hydrogen landscape. Learn how to unlock the potential of hydrogen in the renewable energy revolution.,Navigating the Hydrogen Landscape: Your Guide to the Clean Energy Revolution
https://www.reneenergy.com/product-page/mastering-resource-assessment-for-green-hydrogen-projects,Green Hydrogen Resource Assessment: Expert Guide | ReneEnergy,"Master resource assessment for green hydrogen projects with our comprehensive guide. Learn key techniques, best practices, and optimization strategies.",Mastering Green Hydrogen Resource Assessment
https://www.reneenergy.com/product-page/technical-feasibility-guide-for-green-hydrogen-integration-in-cement-plants,Green Hydrogen in Cement Plants: Technical Feasibility Guide | ReneEnergy,"Explore our comprehensive guide on integrating green hydrogen in cement plants. Learn about technical feasibility, benefits, and implementation strategies for sustainable cement production.",Technical Feasibility Guide: Green Hydrogen Integration in Cement Plants
https://www.reneenergy.com/product-page/hydrogen-powered-aviation-e-book,Hydrogen-Powered Aviation: The Future of Flight | ReneEnergy,"Explore the potential of hydrogen-powered aviation in our comprehensive e-book. Learn about sustainable flight technology, industry trends, and environmental benefits.",Hydrogen-Powered Aviation: Revolutionizing the Future of Flight
https://www.reneenergy.com/product-page/green-hydrogen-investment-guide-ebook,Green Hydrogen Investment Guide: Insights for Clean Energy | ReneEnergy,"Discover key insights on green hydrogen investments with our comprehensive ebook. Learn about market trends, opportunities, and strategies for clean energy success.",Green Hydrogen Investment Guide: Powering the Future of Clean Energy
https://www.reneenergy.com/product-page/the-pem-advantage-a-guide-to-green-hydrogen-for-industries,Green Hydrogen Guide: PEM Advantage for Industries | ReneEnergy,Discover the PEM advantage for green hydrogen production in industries. Learn how PEM electrolysis can revolutionize your sustainability efforts with ReneEnergy.,The PEM Advantage: Green Hydrogen Guide for Industries
https://www.reneenergy.com/product-page/how-to-create-an-ai-faceless-youtube-channel,Create AI Faceless YouTube Channel: Ultimate Guide | ReneEnergy,"Learn how to start and grow a successful AI faceless YouTube channel. Step-by-step guide, tips, and tools for content creation and monetization.",How to Create a Profitable AI Faceless YouTube Channel
https://www.reneenergy.com/product-page/green-hydrogen-guide-for-industries,Green Hydrogen Guide: Industrial Applications | ReneEnergy,"Explore our comprehensive Green Hydrogen Guide for Industries. Learn about production, storage, and implementation of green hydrogen in industrial processes.",Green Hydrogen Guide: Transforming Industrial Processes
https://www.reneenergy.com/blogs/categories/artificial-intelligence-and-machine,AI & Machine Learning in Energy: Efficiency Insights,"Explore how AI and machine learning are revolutionizing energy efficiency, reducing waste, and optimizing operations. Discover cutting-edge applications in the energy sector for a sustainable future.",Artificial Intelligence and Machine Learning in Energy Management
https://www.reneenergy.com/blogs/categories/celebrity,Celebrity News & Gossip | Latest Updates | Rene Energy,"Stay up-to-date with the latest celebrity news, gossip, and exclusive updates from Rene Energy. Get the inside scoop on your favorite stars and entertainment.",Celebrity News & Gossip
https://www.reneenergy.com/blogs/categories/business,Business Insights: Energy Solutions for Companies | Renee Energy,"Discover expert business insights on energy efficiency, renewable solutions, and cost-saving strategies for companies. Stay informed with Renee Energy's latest articles.",Business Energy Solutions
